{
  "elastic (001a, soft)": {
    "rollout_error": 1.0731442046107986e-07,
    "proxy_error": 0.000774960033595562,
    "rollout_time_s": 14.595193045097403,
    "proxy_time_s": 9.540274506434798e-05
  },
  "plasticine (002a, runny)": {
    "rollout_error": 2.0151403532508994e-06,
    "proxy_error": 0.0012591603444889188,
    "rollout_time_s": 14.567343395086937,
    "proxy_time_s": 9.540274506434798e-05
  }
}